{"stats":{"minecraft:used":{"minecraft:calcite":30,"minecraft:iron_bars":45,"minecraft:light_gray_dye":44,"minecraft:red_concrete":105,"minecraft:dark_oak_sign":69,"minecraft:redstone":2478,"minecraft:oak_sign":139,"minecraft:blue_wool":2,"minecraft:blackstone":118,"minecraft:stone":416,"minecraft:brown_concrete":20,"minecraft:black_glazed_terracotta":82,"minecraft:redstone_block":417,"minecraft:white_dye":81,"minecraft:beacon":2,"minecraft:glow_ink_sac":226,"minecraft:warped_sign":13,"minecraft:red_glazed_terracotta":298,"minecraft:structure_block":98,"minecraft:green_terracotta":53,"minecraft:oak_leaves":43,"minecraft:torch":168,"minecraft:sand":2,"minecraft:brown_dye":2,"minecraft:target":223,"minecraft:crimson_hyphae":11,"minecraft:orange_wool":3,"minecraft:yellow_concrete":199,"minecraft:cyan_dye":1,"minecraft:purple_terracotta":58,"minecraft:dark_oak_fence_gate":8,"minecraft:stone_brick_wall":394,"minecraft:pink_dye":49,"minecraft:tuff":1,"minecraft:infested_stone_bricks":317,"minecraft:enderman_spawn_egg":21,"minecraft:black_concrete":58,"minecraft:creeper_spawn_egg":72,"minecraft:dark_oak_door":8,"minecraft:redstone_torch":135,"minecraft:black_terracotta":246,"minecraft:wooden_axe":18,"minecraft:yellow_dye":4,"minecraft:lever":49,"minecraft:sea_lantern":220,"minecraft:coal_ore":46,"minecraft:acacia_sign":26,"minecraft:map":54,"minecraft:jungle_fence_gate":2,"minecraft:command_block":27,"minecraft:iron_block":1580,"minecraft:lantern":6,"minecraft:grass_block":9,"minecraft:stone_button":80,"minecraft:string":74,"minecraft:barrier":34,"minecraft:green_wool":3,"minecraft:magenta_concrete":2,"minecraft:polished_granite":52,"minecraft:deepslate":45,"minecraft:gravel":45,"minecraft:purple_dye":1,"minecraft:stone_brick_stairs":201,"minecraft:stone_bricks":392,"minecraft:acacia_fence_gate":14,"minecraft:crimson_sign":58,"minecraft:tripwire_hook":56,"minecraft:glowstone":1,"minecraft:repeater":65,"minecraft:redstone_lamp":334,"minecraft:cobblestone":1,"minecraft:potion":3,"minecraft:azalea_leaves":2,"minecraft:magenta_terracotta":7,"minecraft:dark_oak_pressure_plate":7,"minecraft:black_dye":14,"minecraft:andesite":5,"minecraft:acacia_fence":14,"minecraft:chain":4,"minecraft:smooth_stone_slab":26,"minecraft:magenta_dye":1,"minecraft:smooth_stone":46,"minecraft:purple_wool":3},"minecraft:custom":{"minecraft:mob_kills":2,"minecraft:tune_noteblock":6,"minecraft:leave_game":62,"minecraft:time_since_death":139892,"minecraft:time_since_rest":139937,"minecraft:sprint_one_cm":620070,"minecraft:damage_taken":1729,"minecraft:walk_one_cm":2264906,"minecraft:drop":84,"minecraft:damage_dealt":1054,"minecraft:fly_one_cm":14333479,"minecraft:crouch_one_cm":66238,"minecraft:play_time":2518737,"minecraft:deaths":1,"minecraft:sneak_time":55960,"minecraft:jump":2935,"minecraft:total_world_time":4389128,"minecraft:fall_one_cm":10610,"minecraft:horse_one_cm":420},"minecraft:picked_up":{"minecraft:wooden_axe":24,"minecraft:feather":46,"minecraft:redstone_block":5,"minecraft:repeater":5,"minecraft:chicken":43,"minecraft:tripwire_hook":6,"minecraft:brown_wool":3,"minecraft:redstone_lamp":2,"minecraft:structure_block":4,"minecraft:leather":302,"minecraft:red_glazed_terracotta":1,"minecraft:filled_map":3,"minecraft:stone_brick_wall":1,"minecraft:potion":2,"minecraft:map":1,"minecraft:lantern":1,"minecraft:oak_sign":11,"minecraft:stone_bricks":5,"minecraft:rabbit_hide":1,"minecraft:beef":186,"minecraft:acacia_sign":4,"minecraft:redstone_torch":38,"minecraft:light_gray_wool":3,"minecraft:egg":2,"minecraft:dark_oak_door":14,"minecraft:stick":23,"minecraft:black_terracotta":1,"minecraft:jungle_door":8,"minecraft:oak_door":2,"minecraft:yellow_concrete":5,"minecraft:torch":17,"minecraft:gravel":2,"minecraft:porkchop":140,"minecraft:white_dye":1,"minecraft:target":3,"minecraft:stone_button":12,"minecraft:grass_block":1,"minecraft:redstone":267,"minecraft:infested_stone_bricks":1,"minecraft:cactus":6,"minecraft:lever":21,"minecraft:iron_block":2,"minecraft:birch_sign":10,"minecraft:warped_sign":2,"minecraft:gray_wool":5,"minecraft:oak_sapling":4,"minecraft:black_wool":5,"minecraft:mutton":159,"minecraft:white_wool":92},"minecraft:dropped":{"minecraft:gravel":3,"minecraft:red_glazed_terracotta":1,"minecraft:yellow_concrete":5,"minecraft:black_terracotta":1,"minecraft:structure_block":4,"minecraft:oak_sign":2,"minecraft:grass_block":1,"minecraft:infested_stone_bricks":1,"minecraft:target":3,"minecraft:acacia_sign":1,"minecraft:filled_map":11,"minecraft:iron_block":2,"minecraft:redstone_lamp":2,"minecraft:wooden_axe":25,"minecraft:stone_brick_wall":1,"minecraft:map":2,"minecraft:potion":2,"minecraft:redstone_torch":1,"minecraft:stone_bricks":5,"minecraft:white_dye":1,"minecraft:tripwire_hook":2,"minecraft:redstone_block":5,"minecraft:redstone":3},"minecraft:killed":{"minecraft:pig":1,"minecraft:donkey":1}},"DataVersion":2730}